{"Year":[2010,2011,2012,2013,2014,2015,2010,2011,2012,2013,2014,2015,2010,2011,2012,2013,2014,2015],"Unit":["Opiate","Opiate","Opiate","Opiate","Opiate","Opiate","Non-Opiate","Non-Opiate","Non-Opiate","Non-Opiate","Non-Opiate","Non-Opiate","Alcohol","Alcohol","Alcohol","Alcohol","Alcohol","Alcohol"],"Value":[8.164398778,5.91030591,7.769652651,7.384230288,6.985525488,6.260136231,53.66444579,46.1413485,51.89368771,43.74185137,49.52137843,49.76988823,29.24187726,32.47232472,42.9390681,47.70346495,45.58704453,50.92592593]}