Year,Value
2018/19,7.019747007
2019/20,7.627664423
