Year,Value
2011,6.422468139
2016,6.514163308
