Year,Value
2016/17,2.202929705
2017/18,5.71869236
