{"data":{"Year":[2000,2001,2002,2003,2004,2005,2006,2007,2008,2009,2010,2011,2012,2013,2014,2015,2016,2017,2018,2019,2020],"Units":["Rate per 100 population","Rate per 100 population","Rate per 100 population","Rate per 100 population","Rate per 100 population","Rate per 100 population","Rate per 100 population","Rate per 100 population","Rate per 100 population","Rate per 100 population","Rate per 100 population","Rate per 100 population","Rate per 100 population","Rate per 100 population","Rate per 100 population","Rate per 100 population","Rate per 100 population","Rate per 100 population","Rate per 100 population","Rate per 100 population","Rate per 100 population"],"Value":[0.08976,0.55977,2.28648,5.22772,10.2282,16.41896,21.39545,25.39412,27.85421,28.45395,30.17896,32.15914,33.608,35.45457,36.27132,37.4477,38.42294,39.02955,39.59703,39.66666,40.3]},"edges":[]}