{"data":{"Year":[2010,2011,2012,2013,2014,2015,2016,2017,2018],"Value":[27.39411522,27.08517126,22.99097221,22.91160702,22.80270592,23.76384244,23.44798989,20.85915165,18.33570475]},"edges":[]}