Year,Value
2010,27.39411522
2011,27.08517126
2012,22.99097221
2013,22.91160702
2014,22.80270592
2015,23.76384244
2016,23.44798989
2017,20.85915165
2018,18.33570475
