Year,Value
2004,0.267725802
2005,0.299622498
2006,0.290760633
2007,0.3316307
2008,0.316938926
2009,0.133492603
2010,0.267292141
2011,0.258590865
2012,0.337263566
2013,0.272668839
2014,0.299892922
2015,0.319776347
2016,0.213089976
2017,0.28617403
2018,0.245972434
