Year,Value
2008,76.94860723
2009,79.36717989
2010,82.0707652
2011,137.4736564
2012,178.2768786
2013,196.4573366
2014,268.3150577
2015,307.7378735
2016,360.3410709
2017,428.62999
2018,480.1842143
2019,477.9155083
