{"data":{"Year":[2014,2015,2016,2017,2018,2014,2015,2016,2017,2018],"Units":["Rate per 100,000 population","Rate per 100,000 population","Rate per 100,000 population","Rate per 100,000 population","Rate per 100,000 population","Number of cases","Number of cases","Number of cases","Number of cases","Number of cases"],"Unit measure":["Rate per 100,000 population","Rate per 100,000 population","Rate per 100,000 population","Rate per 100,000 population","Rate per 100,000 population","Number","Number","Number","Number","Number"],"Value":[1.696334767,1.588810758,1.481181861,1.763418895,1.878747295,121.0,114.0,107.0,128.0,137.0]},"edges":[]}