Year,Value
2018/19,5.371183451
2019/20,5.318628409
