Year,Value
2017/18,76.47150371
2018/19,77.24722342
2019/20,77.45575887
