{"Year":[2011,2016],"Value":[6.422468139,6.514163308]}