{"Year":[2015,2016,2017,2018,2017,2018],"Series":["Primary education","Primary education","Primary education","Primary education","Lower secondary education","Lower secondary education"],"Value":[102.010498,100.8825531,100.1228638,100.5974579,100.8952103,101.3939896]}