{"Year":[2004,2005,2006,2007,2008,2009,2010,2011,2012,2013,2014,2015,2016,2017,2018,2004,2005,2006,2007,2008,2009,2010,2011,2012,2013,2014,2015,2016,2017,2018,2004,2005,2006,2007,2008,2009,2010,2011,2012,2013,2014,2015,2016,2017,2018],"Sex":[null,null,null,null,null,null,null,null,null,null,null,null,null,null,null,"Male","Male","Male","Male","Male","Male","Male","Male","Male","Male","Male","Male","Male","Male","Male","Female","Female","Female","Female","Female","Female","Female","Female","Female","Female","Female","Female","Female","Female","Female"],"Value":[0.267725802,0.299622498,0.290760633,0.3316307,0.316938926,0.133492603,0.267292141,0.258590865,0.337263566,0.272668839,0.299892922,0.319776347,0.213089976,0.28617403,0.245972434,0.217267194,0.207624622,0.243272529,0.276548124,0.180104326,0.119107466,0.176021127,0.197219545,0.173685484,0.20130698,0.215932062,0.221949156,0.160557422,0.25790839,0.3521861,0.326026345,0.405109459,0.344875127,0.395194925,0.473200817,0.149752105,0.370188982,0.327429537,0.519130783,0.352766159,0.394347596,0.430393003,0.271058795,0.31763433,0.125793739]}